segment,customers,avg_lifetime_value
One-time,90557,160.77728977329173
Repeat,2573,291.18052467936263
Loyal,228,507.662850877193
