total_orders,active_customers,total_revenue,avg_order_value,repeat_customer_rate_pct,avg_review_score
96478,93358,15424463.64999988,159.8754498434864,6.137150438441925,4.155716524320005
